﻿{"cameraMode":{"drawMode":0,"name":"Shaded","section":"Shading Mode"},"sceneLighting":true,"audioPlay":false,"sceneViewState":{"showFog":true,"showMaterialUpdate":false,"showSkybox":true,"showFlares":true,"showImageEffects":true,"showParticleSystems":true},"in2DMode":false,"pivot":{"x":-0.41706180572509768,"y":-2.408836841583252,"z":2.736527442932129},"rotation":{"x":-0.1412278264760971,"y":0.845777153968811,"z":-0.2744826078414917,"w":-0.4351724684238434},"size":16.772985458374025,"orthographic":false}